{"cameraMode":{"drawMode":0,"name":"Shaded","section":"Shading Mode"},"sceneLighting":false,"audioPlay":false,"sceneViewState":{"m_AlwaysRefresh":false,"showFog":true,"showSkybox":false,"showFlares":true,"showImageEffects":true,"showParticleSystems":true,"showVisualEffectGraphs":true,"m_FxEnabled":true},"in2DMode":false,"pivot":{"x":-24.102203369140626,"y":0.6007951498031616,"z":7.992834091186523},"rotation":{"x":0.41843879222869875,"y":-0.5767771601676941,"z":0.44489285349845889,"w":0.5425320863723755},"size":58.456390380859378,"orthographic":false}