{"cameraMode":{"drawMode":0,"name":"Shaded","section":"Shading Mode"},"sceneLighting":false,"audioPlay":false,"sceneViewState":{"m_AlwaysRefresh":false,"showFog":true,"showSkybox":false,"showFlares":true,"showImageEffects":true,"showParticleSystems":true,"showVisualEffectGraphs":true,"m_FxEnabled":true},"in2DMode":false,"pivot":{"x":-23.685001373291017,"y":1.8321020603179932,"z":-0.08500003814697266},"rotation":{"x":0.07652564346790314,"y":-0.8151443004608154,"z":0.11071936786174774,"w":0.5634291768074036},"size":12.029218673706055,"orthographic":false}