{"cameraMode":{"drawMode":0,"name":"Shaded","section":"Shading Mode"},"sceneLighting":false,"audioPlay":false,"sceneViewState":{"m_AlwaysRefresh":false,"showFog":true,"showSkybox":false,"showFlares":true,"showImageEffects":true,"showParticleSystems":true,"showVisualEffectGraphs":true,"m_FxEnabled":true},"in2DMode":false,"pivot":{"x":0.00670623779296875,"y":2.256119728088379,"z":6.797052383422852},"rotation":{"x":-0.17985130846500398,"y":0.027450015768408777,"z":-0.005002621561288834,"w":-0.9833430051803589},"size":21.241897583007814,"orthographic":false}